lang_group,n_he,total,rate
english_only,461,682,0.6759530791788856
multilingual,166,286,0.5804195804195804
non_english_mono,114,214,0.5327102803738317
