venue_group,human_only,both_human_auto,auto_only,llm_judge_no_human,none
*ACL,2.897693672383205,33.12494719945932,60.64881304384557,1.1404916786347892,2.1880544056771143
SIGGEN,10.831721470019342,42.359767891682786,35.783365570599614,0.3868471953578337,10.638297872340425
journals,5.033557046979865,40.26845637583892,50.83892617449665,0.0,3.859060402684564
other,7.389119125297593,28.63063221938101,56.29133233400935,0.0,7.688916321312053
