task,total,n_he,he_rate,n_auto,auto_rate,n_llmj
question_generation,316,166,0.5253164556962026,298,0.9430379746835443,10
summarization,2093,924,0.4414715719063545,1937,0.9254658385093167,41
general_nlg,1361,576,0.42321822189566494,1188,0.8728875826598089,37
dialogue,1572,660,0.4198473282442748,1393,0.8861323155216285,28
paraphrase,1059,442,0.4173748819641171,911,0.8602455146364495,16
captioning,271,102,0.3763837638376384,262,0.966789667896679,5
data_to_text,347,128,0.3688760806916426,312,0.899135446685879,9
machine_translation,12182,3482,0.28583155475291416,10795,0.8861434903956658,56
