lang_group,n,he_rate,auto_rate,llmj_rate
english_only,930,0.6172043010752688,0.9419354838709677,0.008602150537634409
non_english_mono,435,0.47586206896551725,0.8827586206896552,0.006896551724137931
multilingual,4285,0.3115519253208868,0.965460910151692,0.006534422403733956
